Unnamed: 0,고객이름,지역,등록일
0,김현성,H시,2018-01-04
1,김도윤,E시,2017-02-18
2,김지한,A시,2018-01-07
3,김하윤,F시,2017-05-19
4,김시온,E시,2018-01-29
5,김예성,A시,2017-06-20
6,김하람,H시,2018-06-11
7,김호준,B시,2017-05-19
8,김지완,G시,2018-02-12
9,김주호,G시,2017-07-05
10,김재원,E시,2018-03-31
11,김승민,A시,2017-04-22
12,김준형,C시,2018-03-09
13,김동건,D시,2017-03-13
14,김준서,E시,2018-01-24
15,김수혁,G시,2017-06-09
16,김진우,D시,2018-05-02
17,김윤호,G시,2017-02-05
18,김윤서,H시,2018-07-10
19,김준희,H시,2017-07-08
20,김윤우,A시,2018-03-12
21,김동우,A시,2017-07-06
22,김성빈,H시,2018-02-28
23,김태준,E시,2017-05-16
24,김태경,D시,2018-01-29
25,김승후,C시,2017-03-17
26,김현우,C시,2018-06-28
27,김서준,C시,2017-06-17
28,김주원,C시,2018-05-21
29,김태인,F시,2017-03-12
30,김승준,E시,2018-07-01
31,김윤재,H시,2017-01-30
32,김수민,A시,2018-02-06
33,김승훈,C시,2017-01-30
34,김하준,H시,2018-04-21
35,김하율,F시,2017-04-01
36,김우찬,C시,2018-04-07
37,김준성,D시,2017-07-28
38,김준혁,A시,2018-05-09
39,김승찬,B시,2017-02-19
40,김현승,A시,2018-01-08
41,김지운,E시,2017-07-10
42,김성민,A시,2018-02-06
43,김지호,D시,2017-06-16
44,김우준,D시,2018-05-22
45,김승빈,G시,2017-07-07
46,김재민,D시,2018-02-02
47,김태민,H시,2017-01-08
48,김주혁,C시,2018-02-22
49,김정원,H시,2017-07-15
50,김하랑,E시,2018-01-11
51,김지우,G시,2017-04-11
52,김예준,C시,2018-07-22
53,김주영,E시,2017-04-10
54,김민석,A시,2018-05-13
55,김유빈,C시,2017-01-07
56,김시훈,E시,2018-07-23
57,김동현,C시,2017-05-30
58,김라온,F시,2018-07-29
59,김은우,E시,2017-01-04
60,김민재,B시,2018-05-15
61,김준후,B시,2017-04-18
62,김현서,C시,2018-07-28
63,김서후,A시,2017-05-23
64,김재현,D시,2018-07-22
65,김유준,D시,2017-04-04
66,김찬우,F시,2018-07-16
67,김도현,A시,2017-03-04
68,김상민,H시,2018-02-24
69,김재영,G시,2017-06-19
70,김하진,C시,2018-05-18
71,김범준,F시,2017-01-06
72,김우진,H시,2018-05-14
73,김지훈,A시,2017-06-02
74,김시윤,F시,2018-03-24
75,김강민,G시,2017-06-08
76,김지성,A시,2018-03-31
77,김윤찬,C시,2017-04-06
78,김민호,F시,2018-07-09
79,김윤성,F시,2017-03-03
80,김지후,D시,2018-01-12
81,김현진,H시,2017-07-13
82,김태양,A시,2018-03-11
83,김대현,H시,2017-01-30
84,김재준,A시,2018-02-21
85,김민건,F시,2017-02-14
86,김도경,H시,2018-06-13
87,김지민,F시,2017-05-23
88,김은호,H시,2018-05-22
89,김민혁,A시,2017-05-13
90,김민찬,B시,2018-03-13
91,김승원,C시,2017-05-17
92,김정현,G시,2018-03-29
93,김승유,A시,2017-04-27
94,김세현,C시,2018-03-17
95,김승윤,F시,2017-03-25
96,김이준,B시,2018-02-10
97,김경민,E시,2017-07-05
98,김정훈,D시,2018-07-30
99,김성우,E시,2017-06-01
100,김은율,C시,2018-05-03
101,김도훈,F시,2017-06-12
102,김태현,B시,2018-02-13
103,김주안,G시,2017-05-05
104,김동욱,A시,2018-07-04
105,김재훈,D시,2017-03-23
106,김도율,C시,2018-01-26
107,김예찬,B시,2017-07-03
108,김태훈,A시,2018-01-06
109,김준석,F시,2017-03-04
110,김원준,A시,2018-03-08
111,김민준,H시,2017-07-01
112,김은찬,H시,2018-03-24
113,김영준,A시,2017-01-23
114,김주한,D시,2018-06-05
115,김현수,E시,2017-04-07
116,김건희,B시,2018-01-21
117,김규민,F시,2017-01-08
118,김재혁,G시,2018-01-31
119,김승재,C시,2017-02-12
120,김정후,G시,2018-05-07
121,김성현,C시,2017-04-09
122,정영훈,A시,2018-04-18
123,김민우,B시,2017-01-05
124,김주환,B시,2018-05-02
125,김준호,G시,2017-02-20
126,김준우,C시,2018-06-25
127,김시율,F시,2017-07-15
128,김도하,G시,2018-02-17
129,김규현,F시,2017-03-21
130,김주현,B시,2018-03-08
131,김정민,B시,2017-07-01
132,김건우,G시,2018-04-24
133,정도형,A시,2017-04-13
134,김연준,A시,2018-07-29
135,김강현,D시,2017-06-07
136,김태우,F시,2018-06-18
137,김지율,B시,2017-03-15
138,김지용,B시,2018-07-21
139,김지오,F시,2017-05-27
140,김수호,C시,2018-04-14
141,김가온,C시,2017-01-26
142,김유찬,A시,2018-06-19
143,김상현,G시,2017-03-26
144,김시완,A시,2018-05-20
145,김도원,A시,2017-03-29
146,김시우,H시,2018-05-19
147,김은성,G시,2017-02-18
148,김성윤,F시,2018-03-05
149,김우빈,D시,2017-07-20
150,김준수,E시,2018-02-17
151,김연호,E시,2017-02-07
152,정우석,B시,2018-06-16
153,김민규,B시,2017-06-13
154,김태영,D시,2018-06-17
155,김은혁,E시,2017-01-21
156,김준영,E시,2018-03-08
157,김지환,C시,2017-03-23
158,김서진,G시,2018-06-29
159,김서윤,G시,2017-01-30
160,김하민,E시,2018-05-12
161,김현준,E시,2017-07-02
162,김승현,F시,2018-05-20
163,김우영,D시,2017-04-12
164,김재윤,C시,2018-02-23
165,김한결,C시,2017-02-18
166,김우주,A시,2018-03-04
167,김지혁,A시,2017-03-29
168,김민서,B시,2018-07-02
169,김찬영,C시,2017-06-28
170,김시환,F시,2018-05-27
171,김수현,E시,2017-02-22
172,김서율,G시,2018-03-24
173,정준기,B시,2017-02-05
174,김성훈,B시,2018-01-09
175,김시호,H시,2017-06-12
176,김재호,C시,2018-02-14
177,김재우,D시,2017-04-14
178,김동하,F시,2018-03-15
179,김우현,C시,2017-01-10
180,김민기,G시,2018-07-19
181,김승환,B시,2017-05-23
182,김다온,A시,2018-05-01
183,김승우,B시,2017-07-26
184,김성준,H시,2018-05-24
185,김승호,F시,2017-04-08
186,김승주,E시,2018-07-15
187,김태윤,E시,2017-05-09
188,김민수,D시,2018-07-22
189,김현민,D시,2017-07-30
190,김유진,B시,2018-06-14
191,김지안,B시,2017-01-28
192,김현석,H시,2018-06-10
193,김선우,H시,2017-05-05
194,김지원,H시,2018-02-27
195,김재희,G시,2017-06-20
196,김도영,E시,2018-06-20
197,김이안,F시,2017-04-29
198,김시현,H시,2019-04-19
199,김서우,D시,2019-04-23
